id,member_id,name,age,gender,join_date,goal
1,0ca9a3f3-1347-4fee-bda1-d81b56c3ee69,Joseph Matthews,56,Male,2022-04-24,Weight Loss
2,676ed2c2-d6d1-46f1-999b-85cd099ad810,Leslie Smith,31,Female,2025-01-18,Muscle Gain
3,7bd07bec-f8a6-4960-845b-81f4072ec2e4,Jerry Rogers,18,Other,2022-05-11,Weight Loss
4,1f9abbb9-5f58-4206-a61a-de5d754cce64,Allison Holmes,43,Other,2023-04-26,Endurance
5,58062f74-18fc-4f5e-8f55-4ec6ff393a0b,Elizabeth Davis,60,Male,2024-03-16,Fitness
6,90894390-29a5-475a-a904-afc8c14c06e7,Aaron Meyer,53,Other,2021-08-03,Endurance
7,61cf1b01-440c-42d2-b857-126ebc9d1582,Michael Lin,23,Female,2023-11-04,Fitness
8,3a45d810-8de6-4499-881b-e2a86a3a709e,Emily Wheeler,60,Female,2022-06-08,Fitness
9,292b3e8d-85e9-4aa8-9853-7837b423dacc,Matthew Jones,19,Other,2021-09-10,Weight Loss
10,0a330021-f83c-4c0a-b9f3-2fcc36ff8703,Jennifer Wise,37,Other,2024-01-25,Endurance
11,357bf2bf-f89b-4381-9a35-b71abcf25969,Kristin Hicks,43,Female,2022-02-17,Weight Loss
12,2adff011-94aa-4186-88cd-b8018a8f71c2,Carrie Page,50,Female,2020-10-04,Muscle Gain
13,c19eb425-22cc-42c4-88b5-b8675e6eca5f,Kelly Davis,23,Female,2022-11-09,Fitness
14,d780fcad-25c9-4e02-b430-2458950c3885,Allison Banks,48,Male,2022-04-01,Endurance
15,af3c3b78-483a-4410-864a-f826ee04097a,Nathaniel Brock,22,Male,2021-06-08,Fitness
16,b25adcc5-d0aa-4ed7-920f-8ea192711eb9,Michael Richardson,27,Other,2021-12-04,Muscle Gain
17,a75a73d1-1322-4482-845b-059c410bfc9a,Jose Johnson,20,Male,2023-12-17,Fitness
18,27e9cb69-26a6-4442-9343-98521801f44f,Chad Rodriguez,37,Other,2023-04-05,Weight Loss
19,2f176373-bced-463e-9170-1de3ceae607f,Tamara Pacheco,34,Other,2024-07-11,Endurance
20,f4ebcd1a-7fab-42e7-8acb-f940b44b3fdb,Mr. James Lewis,44,Male,2025-02-22,Fitness
21,8febfe4e-4c0c-40ac-91d6-1edaf23ee60f,Sandy Wilson,59,Male,2022-02-09,Endurance
22,00a8f1ae-8fc4-4083-9ac6-ff2940ef86be,Jesus Gallagher,50,Female,2025-09-23,Endurance
23,31f8ccc4-65e3-454d-a28b-cedd2985a464,Brian Parker,34,Male,2023-11-30,Endurance
24,f6b9be66-67c2-4a9d-a478-a6e75b9dc255,Savannah Johnson,59,Other,2022-11-22,Endurance
25,fbd02d1b-6a1c-4210-a9f4-b728ca425a8d,Brianna Thompson,24,Male,2023-08-09,Endurance
26,506f067c-aece-4e17-b1f0-ae06340f2117,Kelly Simmons,33,Other,2023-04-07,Weight Loss
27,d94fb52e-247f-4c12-8a75-cdd2f089b536,Shannon Valencia,23,Other,2022-01-08,Muscle Gain
28,9f73d83f-8074-423c-8742-795f43a86494,Kevin Garza,46,Female,2024-07-21,Muscle Gain
29,ff42a15a-e1b2-4920-8fdb-0160a27da1b9,Rebecca Phillips,28,Female,2021-01-16,Endurance
30,a7fb6a2f-d851-4d2c-8a87-ea0eff7b59d7,Crystal Green,51,Male,2025-01-12,Weight Loss
31,1b0d993c-5c81-4ea5-a3af-0b62d26c5a8c,Michelle Macias,38,Other,2025-06-28,Endurance
32,e3b5de7e-b9c0-4fc9-82eb-4906a8ab1fe5,Margaret Porter,58,Female,2021-12-12,Endurance
33,17722991-cdd7-4282-af0b-d68cc732c3f4,Margaret Molina,36,Female,2022-11-02,Weight Loss
34,0976cdb9-09a5-425f-8170-af93f0ee8fe4,Allen Sims,49,Female,2024-06-15,Fitness
35,1a0541b2-139d-488f-82f6-16ecaea1e093,Caroline Mcfarland,37,Male,2020-11-28,Muscle Gain
36,ed93e496-2105-4096-9951-27a60ccbdd3e,John Mckinney,44,Female,2024-03-23,Endurance
37,1da177d5-036e-4b40-a4c8-1bea391441bf,Kristen Foster,54,Male,2022-05-29,Weight Loss
38,6621c4f8-ace7-4c7a-ac70-4f8296a6d0dd,Laura Hall,59,Other,2024-03-29,Muscle Gain
39,3a1c90e9-36a0-4767-a76c-1b341778e5a7,Dr. Rebecca Johnson,51,Female,2023-11-01,Weight Loss
40,5096eb6c-eabc-42a1-9514-7cac4356269f,Jessica Lam,48,Other,2021-05-19,Weight Loss
41,771cd197-61df-42c6-b19a-ca75e8835ed0,Thomas Jordan,56,Male,2021-05-26,Fitness
42,04f419ef-640d-46ba-9518-a8cd9682a359,Patricia Buchanan,42,Female,2022-11-28,Weight Loss
43,70ad04ac-0e40-4f6e-ab62-4f2c16880ad0,Michael Long,58,Other,2023-01-04,Muscle Gain
44,d8ee3206-32e9-4cd7-8f80-d785a85898ef,Carolyn Knight,48,Male,2023-05-20,Muscle Gain
45,3e6ecba0-707c-433f-a107-b8735fef9214,Julia Smith,38,Female,2025-01-04,Muscle Gain
46,80b86f7d-7ddf-441b-8f1e-a441316ddd6f,Thomas Pacheco,36,Male,2025-03-10,Fitness
47,d4f24deb-62de-47e2-90dc-13c52d63db9a,Jonathan Suarez,28,Male,2021-01-20,Weight Loss
48,32195692-d118-4fc8-ac45-a1c727ab76fa,Stephen Lewis,53,Female,2022-06-27,Endurance
49,b32daad5-5476-40b5-a9f2-075ad3b5c873,Max Williams,36,Female,2024-06-21,Fitness
50,9816e9a6-f70f-4020-862b-7f940473bc34,Kaitlyn Daniels,25,Male,2025-01-24,Fitness
51,f198aa71-66a4-4e27-acdc-a6d289f5d7b1,Melissa Gates,38,Female,2022-11-21,Endurance
52,98d2a139-55c5-4980-9431-25b3f32f74f8,Colton Lawson,58,Male,2021-07-12,Muscle Gain
53,b73bc860-2468-47bd-955c-b3579a7bda78,Brandon Espinoza,59,Other,2024-11-21,Endurance
54,6bc007be-62b8-49bd-b77e-f0cbad88d0af,Timothy Daniels,53,Other,2025-03-19,Muscle Gain
55,366167f9-6f1e-44cd-9d70-e5faff0ea55e,Melissa Blevins,19,Male,2025-07-05,Muscle Gain
56,e32e4aa1-6b7f-48ee-9f5a-f5a62d52efb5,Stephanie Martin,36,Male,2022-08-14,Muscle Gain
57,2b2b7340-582d-46d9-9787-add5aa4934c9,Patricia Richards,53,Other,2021-10-18,Weight Loss
58,ece1ad08-8f55-495a-826c-b08d3629ea4e,Jennifer Key,47,Other,2023-12-17,Weight Loss
59,d62016da-2b8c-44b7-92c7-1f1f81b166d0,Amber Forbes,43,Male,2021-03-26,Muscle Gain
60,002e76a9-4a31-4a54-812b-70b78ad9ef6b,Alexander Butler,25,Other,2021-07-22,Weight Loss
61,24c4b281-4421-400c-9463-e431c58916e5,Stephen Soto,39,Other,2024-02-05,Fitness
62,0ada8861-5598-4387-9c0a-004a9031f505,Nancy Smith,59,Other,2020-10-21,Endurance
63,325ed477-46d0-41db-9f85-d496dfe656a3,Robert Lopez,25,Female,2021-01-25,Fitness
64,1051af47-a49a-48a1-8b65-2e03a2f582c0,Terry Rice,48,Male,2024-06-30,Endurance
65,5f4baadc-1ceb-4177-9b34-6994a5d1247c,Madeline Jacobs,35,Other,2022-07-03,Endurance
66,4838b19f-f172-4868-9423-453ebe2d8edf,Janet Andrews,42,Male,2021-03-23,Fitness
67,89f106e7-b325-4bd4-8923-9d23b1c0d30c,Richard Curry,34,Female,2023-10-07,Endurance
68,6958793f-cd0c-4633-8346-4cece8ac04dc,David Olson,44,Male,2022-11-27,Weight Loss
69,a146ed17-0ffe-4f24-a070-6758cc210467,Connie Cunningham,40,Other,2021-07-16,Muscle Gain
70,c1b0e3fa-6f45-45c1-8caf-85fc6c9a17d4,Dawn Miller,19,Female,2023-03-27,Muscle Gain
71,19c9c79a-60c0-4569-ab9f-299407be1f39,Krista Malone,58,Other,2025-04-17,Fitness
72,15522858-697a-4223-9157-23575b0e959a,Mary Matthews,26,Other,2025-06-11,Muscle Gain
73,b2bc95a2-46dc-40c3-bda6-5d1ea608f333,Gary Marquez,21,Other,2024-08-05,Muscle Gain
74,5ed0ea93-c337-4d63-bba5-a233b491c249,Jeremy Silva,49,Other,2021-03-24,Weight Loss
75,a4df07e3-9089-45a1-829a-dcd02e909787,Keith Morrow,41,Other,2023-04-16,Fitness
76,51ac42f7-1702-4f46-9d68-c8075db37f87,Annette Rose,38,Female,2021-10-07,Muscle Gain
77,bd91022e-7fb7-4d74-a6c1-6351d3dc5676,Shane King PhD,41,Female,2024-08-03,Endurance
78,d2bcdaf3-bcbb-4552-bcba-c4eaa3225ff8,Susan Clark,43,Male,2022-06-14,Muscle Gain
79,748ed5b7-7942-432a-b13b-4323a8f1f12d,Rebekah Harris,27,Female,2021-01-15,Endurance
80,431c6f35-f563-4007-b1aa-6b287311c866,Emily Ramirez,46,Male,2023-06-11,Weight Loss
81,8a1209c8-0c45-4942-b371-700c7c1d5621,Stephen Glenn,44,Male,2023-02-03,Fitness
82,8fea9c6c-368a-4f7b-9aa3-9740532ddcda,Aaron Sexton,28,Male,2022-04-01,Fitness
83,99509f81-b498-4438-8eba-254019135e45,Amy Chang,29,Female,2023-03-05,Fitness
84,2a5cd892-493a-4c7b-92c5-bca03debbaa0,Michael Freeman,19,Male,2024-01-09,Weight Loss
85,7c8162ec-93b2-46dc-9e09-1095673e8238,Marc Reid,31,Male,2023-11-20,Fitness
86,44a9d7e7-2bd6-4b86-8216-8bd1e513b756,Christopher Pierce,60,Other,2021-08-05,Weight Loss
87,f2dc135e-be75-4b09-bb8c-7b22af8b053e,Dawn Richard,34,Female,2025-09-22,Endurance
88,0dc1ac3e-3669-4256-b7c4-9240c75fdfbb,Emily Daniel,42,Other,2022-01-12,Endurance
89,7eba2e1f-f65e-463c-97dc-c58cb3a4ca3c,Valerie Pennington,50,Male,2025-09-11,Fitness
90,6b82fba7-d364-427f-af52-3d51272d16c7,Mark Mooney,40,Female,2021-06-13,Weight Loss
91,8151ebfd-6c3a-44e2-8959-5f377f31fd9b,Mr. Connor Moore,43,Male,2021-12-17,Muscle Gain
92,3953a4b4-2ed0-4ccd-bd82-3460659ba577,Taylor Cruz,49,Female,2025-07-11,Muscle Gain
93,43d887e3-7647-4fe3-854f-0cb8f747f399,Jason Baker,18,Other,2023-03-19,Weight Loss
94,f2301356-d037-4e5d-a62d-eb62a55bee24,Adam Martin,26,Female,2020-11-06,Weight Loss
95,d37fc243-5919-43cc-a0bd-7f0202a70534,Juan Barrera,56,Other,2024-09-17,Fitness
96,89a05ec5-ba95-4bb6-bdf3-301cc910d11c,Jesse Dixon,31,Other,2022-01-15,Endurance
97,ca924690-e444-4516-b876-076fd76fc062,Amanda Navarro,50,Female,2020-12-12,Weight Loss
98,33f83e78-17e0-45f0-b9ab-9d7c8d0f90d9,Joel Lambert,59,Male,2023-08-24,Muscle Gain
99,6a7d13e8-52fd-46a3-bd85-dcd31364bfbc,Jaime Myers,51,Other,2024-08-18,Weight Loss
100,17a2ef77-ce14-4729-8268-72e4b172d007,Matthew Parker,44,Male,2020-12-23,Fitness
